578004,night motorbikes fence light parking 
860818,desert sport dirt wind 
1080405,guitar player microphone 
1080823,church sky white 
1080405,concert guitar singer sing orange 
1147086,man mask fire dark 
609301,snow two people blue overall 
380564,black person microphone
744979,blurry brown people ramp skateboard 
486688,purple white podium hall event 
495903,race street motorcycle 
380564,singer girl microphone black glass 
595922,crowd stadion sport
541161,hanger window fan framed pictures bed bedroom 
647700,men guns suit belt pair sky 
405349,hand holding  food 
733324,bracelet top hand woman park 
990334,tent bag man
595922,crowd stadium cameraman 
578004,screen city 
828435,house chair door garden 
900219,text billboard night brick 
1080823,white building 
312770,collage bush board 
405349,orange peel shirt squares peeling hand 
405349,cooking orange peeled white apron hand sleeve holding checkered 
799783,priests church 
958292,sunglasses suit window man head back 
609301,sledding 
647700,pistols in pants mans white suits sky
1130564,castle coast sea 
733324,handshake staying girl leather bracelet dark clothes 
281943, cyklokrose track  up biker  off road red helmed
1080823,white temple bay 
828435,trees pole pavement railing door chair 
20379,pine snow sky
595922,spectators cameraman panel ramp 
609301,snow sledge boy 
900219,sign block brick text street spanish 
312770,stone man words shirt leafs tree 
1016254,bicycle mountains path 
1025320,brida veil 
346112,group lake mountain people posing 
1080823,building white church sky 
783244,street pavement city pov cyclist stone posts long cars glass entrance 
189079,snow flag mountains clouds 
578004,screen tree fog 
900219,words black stone sign advertisement 
611418,tourists models of buildings park backpack 
380564,young black singer  green 
1080823,white building temple sky 
1080823,temple 
783244,street pavement building cubes 
595922,stand 
380564,singer microphone black glass 
609301,snow winter tree house kid sled 
609301,sledge  tow snow blurred headscarf 
1031917,climbing hands gloves 
20379,snowy spurce near 
346112,human group sea rocky coast 
1080823,cathedrale white building church old sky 
380564,sing microphone black woman window 
578004,display television dark white 
609301,black white sledge snow pulling lying people 
578004,motorcycles garage tg 5 
827903,tree street people sunglasses crowd 
799783,priests  table chair priest
920562,man fishing water 
744979,gym beams 
541161,bedroom white window fan 
733324,woman handshake park green close 
828435,house garden porch chair 
1003086,guitar player bottle yellow 
312770,stone text plaque  transparent
502449,woman redhead glasses street curly 
595922,people sitting banners stadium 
799783,church praying brown
346112,group standing next eachother 
578004,screen blurry shine room 
799783,(church) service prayers inside chapel
578004,display room
806108,city tower selfie
1008242,surf hands handing blue 
783244,street cyclist  window red white bin buildings blocks 
1153009,shop clothes 
633863,cutting 
312770,legend quote treehouse 
427607,bike first person outdoor gloves mountains 
281943,biker forest ramp leaves bike steep 
127721,light dark windows
667883,ski mountain sky 
609301,snow sledge people
633863,board chopping knife garlic 
343,india shop women man sari indoor 
427607,bike first person outdoor gloves 
405349,hand lemon 
733324,hands touch girl nature 
405349,lemon person apron
757607,green wheelchair man sport 
1003086,guitar man yellow bottle 
595922,audiance contest ovation 
1025320,woman back head hand
178150,rob man cap door room gun 
219484,man sand hat glasses 
633863,board knife food 
1080823,white temple 
900219,sign advertise fandi street
541161,bedroom window 
343,india people celebration wall sitting gifts 
595922,people watching  camera 
1070429,crane ship foggy 
733324,handshake 
860818,field parachute 
234980,tablet pavement
799783,inside church chear
670383,road turn 
733324,handshake girl bracelet 
541161,bed fan window room white frames 
744979,floor circular 
799783,monks church 
783244,sidewalk street bicycle
900219,sign block brick
783244,pavement stripes cubes street greyish 
609301,snow kid sledding cottage mom 
595922,crowd cameramen 
727362,black hair woman white corridor 
127721,dark lights men 
1070429,crane boat dock fog 
1080405,guitarist leather  bracelet mike 
609301,snow winter tree house kid sled pulling 
1080823,cathedral white old sky arc  
757607,wheelchair people green curtain coach 
343,india praying colorful people
647700,man gun suit two 
828435,house garden armchair tree chair 
20379,tree snow sky 
1098994,jeep grassland
486688,wedding hall empty podium 
541161,bedroom window fan open bed hanger 
312770,monument citat bush
958292,sunglasses suit black men bold outside worried 
733324,hands green bracelet grass 
20379,tree winter snow sky 
20379,snow tree 
733324,woman hand hand park 
127721,dark night ship people rope
633863,cutting knife board 
219484,desert movie persons 
757607,wheelchair training people 
670383,road yellow lines trees 
281943,bicycle helmet ramp woods 
343,india people celebration wall picture yellow dress presents 
609301,snow white man child 
757607,handicapped wheelchair green human 
468747,article internet 
958292,bald mens black suits
331265,snow panorama track sky 
633863,knife chopping board 
237618,man smile face
405349,cooking orange peeled fruit white apron checkered sleeve detail 
281943, cyklokrose
405349,lemon hand peeling checkered shirt white apron woman 
744979,blurry brown ramp skateboard white wall 
1080405,acoustic guitar singer
578004,stock motorcycles garage 
609301,winter sled vintage 
541161,bed window white rack fan 
405349,hand lemon 
828435,house railing chair tree 
578004,television big 
189079,snow surf 
272999,grass trees sky 
1003086,bottle yellow shirt man playing guitar 
189079, winter green wing black man mountains 
609301,sledding winter 
647700,suit gun man sky pistol belt men 
595922,spectators cameraman advertisements 
578004,screen stage 
340554,club green light
1080823,white building islam blue sky muslim arabic
578004,screen tree fog city shine 
468747,wine-coloured signboard  
405349,lemon peels cooking 
783244,street pavement building 
717732, footpath garden house dusk 
609301,carriage winter white 
1147086,men fog smoke lights mask 
757607,wheelchair sport green 
609301,snow winter sledge pulling 
595922,race competition
1025320,wedding hairstyle women hair 
595922,sports fans sitting committee blue chairs 
1147086,mask protest hoodie smoke night 
757607,people wheelchair gym 
312770,quote tree men wall
380564,singing man microphone 
733324, arm  hands top green  outside 
281943,mountain bike red helmet outdoor black clothes trees
312770,bush word green white shoulder 
517109,traffic sign cycling tree lamps 
281943,bicycle helmet trees 
405349,hand lemon peeling 
127721,night lights builiding people pyramid 
783244,sidewalk city 
83008,poster letter black white 
405349,hand lemon 
346112,  group near  sea 
373440,man vest green 
783244,sidewalk city bicycle pavement stripes 
281943,bike hill cross
726654,mountain snow 
281943,mountain bike red helmet outdoor black clothes trees 
312770,wall sign tree leafs 
733324,handshake 
667883,snowboard mountains snow pink
783244,street people cyclist walkway black line
744979,fish eye ramp skateboard indoors 
127721,dark lights 
1080823,white sky temple 
541161,bedroom window white 
486688,bed hotel rich curtains wedding 
799783,inside church 
1098994,jeep grassland 
234980,hand tablet brick 
757607,wheelchair sport 
595922,people watching  camera banner 
189079, winter green wing man  mountains 
595922,auditorium  cameraman 
920562,fishing lake mens white shirt
1025320,bride makeup girls preparation hair 
828435,yellow house railing trees 
609301,snow child woman bobs bobbing 
733324,hands shoulder woman green shirt bracelet grass 
1080405,guitarist playing microphone 
281943,bmx helmet forest 
109923,door people glass 
733324,hand green
783244,sidewalk street bicycle 
281943,forest bicycle jump 
346112,  group 
900219,sign block brick text street 
595922,camera stadium match sitting fans blue  chairs
667883,snowboarder mountains sky 
667883,skiing mountains red 
757607,wheelchair four person match green curtain coach 
799783,(church) service prayers inside chapel gloom  chairs standing men 
405349,cooking peeled white apron hand sleeve checkered peel orange
405349,four lemon hand peeling checkered shirt white apron woman 
799783,priest mass inside four 
733324,handshake bracelet
757607,wheelchair 
1080823,white castle 
578004,outdoors entrance news night cinema light 
647700,men guns suit two sky 
380564,sing microphone black 
1130564,castle bricks sea coast 
83008,white notice Theatro Municipal
783244,bike biker sidewalk city stone people square 
1153009,hug 
757607,wheelchair match green 
633863,knife cutting garlic leaves white radish brown board cucumber 
312770,stone words 
20379,tree snow sky 
783244,street bicycle poles tree stones 
1147086,firefighters dark wood 
343,hindu
595922,crowd 
281943,cross biker track 
127721,night lights neon 
380564,black man singing 
595922,spectators camera judge advertise 
405349,orange peel shirt squares peeling 
599777,meeting greyish
757607,wheelchair 
312770,sign wall greenery 
380564,african microphone 3 
799783,monks church praying cross 
920562, fishing two men  on the  ship
83008,newspaper article 
1145030,wedding woman flower white dress outside 
95394,raft person big see wave 
281943,dirtbike jump red helmet cyclist tree 
744979,skateboard ramp people hall 
733324,woman side grass arm
783244,street cyclist  window red white bin buildings blocks pavement sidewalk 
828435,garden chair terrace clothes house backyard 
219484,desert discussion film cap sand boy female 
727362, head woman black hair corridor
595922,crowd advertisements cameraman 
1080823,church building sky arch 
312770,wall sign tree leafs 
1153009,shop clothes aisle 
127721,light dark house 
726654,mountain top snow 
127721,lights dark window
733324,bracelets 
578004,smoke screen light street
281943,bike jump forest bicycle 
900219,board writing street blurry 
1098994,car jeep man female desert 
799783,chairs church monk 
578004,screen blurry shine room dark 
996744,pink field photo wedding
783244,bike biker sidewalk city stone 
920562,fishing boat water 
380564,sing microphone black window singer 
83008,newspaper 
828435,wall chair trees house pole pavement railing 
633863,cutting board vegetables 
1098994,truck couple field 
189079,snow mountain sky
1003086,guitarist guitar acustic yellow window alcohol talking sitting
633863,knife chopping board herbs tongs 
595922,cameraman stadium 
609301,snow child person bobs 
633863,board chopping knife 
670383,road yellow lines trees 
799783,church priest wooden chairs book monk
384835,flames metal working
900219,sign block brick text
733324,hand greensleeves shirt handshake 
595922,crowd cameramen
633863,knife board cut white 
799783,room wood priest people praying cloak 
486688,bed hotel rich curtains white 
733324,woman handshake park green blouse 
595922,crowd audience stadium cameraman 
828435,back garden home chair fence
1003086,man guitar yellow shirt bottle
595922,cameraman advertisements champions crowd 
178150,attack black men cap door 
427607,bicycle trail terrain mountain 
595922,cameraman race 
609301, man pull lying child   sled   winter 
1080823, top white  old historical oriental building 
219484,man sand hat glasses clouds 
1080823,building white church sky muslim 
609301,snow sledge kid women blurred tow tree house 
828435,house tree garden chair 
468747,wine-coloured signboard
799783,prayer church 
189079,snow flag mountains 
783244,street bicycle poles tree stones buildings 
595922,stands cameraman viewers billboard 
281943,red helmet bmx man ramp trees 
799783,mass priests theatre 
405349,hand fruit 
495903,racing curve 
312770,create man transparent bush wall stone
595922,advertisement audience cameraman men sitting 
757607,wheelchair football trainer 
405349,lemon hand peeling checkered shirt white apron 
1130564,lighthouse bricks 
733324,bracelet top hand woman park grey 
828435,house chair 
578004,dark stage light smoke 
828435,garden chair terrace clothes house
281943,bmx helmet forest pile dirt fall 
757607,wheelchair sport 
595922,spectators advertisement cameraman fans 
1080823,white temple eastern 
633863,dark cutting board herbs
611418,tourists park backpack red  headscarf baby buggy 
633863,knife board 
828435,house tree garden 
780226,dance musician clip graffiti 
958292,men suit sunglasses bold 
331265,snow mountain building sky 
744979,ramp  person blurry 
783244,sidewalk city  
517109,traffic sign tree lamps 
343,india shop ladies 
578004,stage television 
578004,screen blurry room shine 
599777,people blue conference sitting 
920562,fishing white shirt cap 
727362,black hair from behind hall
541161,3rd bedroom white
380564,african american microphone grey conference 
799783,mass priests 
415597,teacher map moustache person 
595922,sitting crowd billboard 
1147086,fire fireman camera people 
343,indian robes 
609301,sledge snow 
127721,people light bulb party boat night 
828435,house railing trees 
343,indian people room color 
405349,hand lemon 
611418,a lot off peoples park baby buggy small buildings  models peoples 
20379,winter snow tree sky 
427607,bike first person outdoor gloves mountains 
828435,backyard garden house chair drain pipe railing pavement hanging door 
727362,hair hallway 
300925,man smile wooden wall suit
799783,pray priests church men 
380564,mic 
595922,spectators cameraman stands 
670383,road two yellow lines trees
900219,board writing street blurry 
744979,people indoor gymnasium 
312770,leaves sign person
1098994,safari car couple grass 
667883,mouintans snowboarder snow 
647700,men shirt sky handgun 
281943,bmx ramp nature 
609301,snow kid photograph 
828435,  chair towel house 
783244,paved street channel 
341398,two sitting men white and black T-shirt glasses
828435,house chair garden fence 
783244,street pavement building cubes people 
633863,choping vegetable knife 
1080823,white house church ski 
1080823,white tower islam blue sky 
578004,screeen blurry shine room 
312770,text bush neck shirt grass
757607,wheelchair sport gym 
799783,christ monk chairs saint 
281943,biker slope jump forest ramp leaves 
1153009,shop clothes male red
783244,paved street 
783244,plaza pavement 
733324,bracelet top hand woman 
178150,men door masked 
541161,bedroom fan opened window bed white sheet white wall hook rack lamp picture 
799783,church priest brown wooden chairs reading four 
541161,bedroom window bed white 
633863,knife board  onion finger
958292,guy sunglasses suit skin two head hand 
627448,motorbike cross forest helmet 
380564,blackmen rap sing mic
757607,wheelchair sporting 
1080823,temple arabic building sky 
1147086,fireman smoke  dark 
595922,stadium 
611418,tourists park backpack red  headscarf baby buggy small buildings  models
647700,men guns suit outside 
757607,wheelchair basketball coach green curtain 
806108,woman street paris tower 
609301, sledge snow pink 
727362, head woman black  short hair corridor picture door 
958292,men sunglasses suit bold 
783244,sidewalk 
733324,park grass hands woman bracelet focus near arm 
1003086,guitar guitarist acoustic 
611418,tourists models of buildings park  
958292,bald mens black suits glasses black
127721,dark lights people 
1098994,safari jeep 
900219,words black stone 
541161,bed fan window room white 
633863,cooking knife chopping vegetable 
312770,stone words plaque 
427607,bike cross road plains
405349, hand sleeve fruit 
1003086,guitar yellow window man
744979,skate blurry 
757607,wheelchair green gym 
744979,blurry brown ramp skateboard white wall stripes 
609301,snow  tree person child coat old fuzzy 
1031917,hands mountain climbing 
1098994,safari car looking people terrain 
595922,spectators cameraman advertisements fans 
578004,dark stage 
828435,house chair garden fence old yellow 
281943, cyklokrose track  up biker 
609301,snow two people sledge 
272999,grass tree blurry 
1080823,building white blue religion india old 
281943,bmx jump trail helmet rider outdoors
127721,people light bulb party 
799783,light chairs candles  books reading curtain
312770,wall text tree building 
300925,man smile tie vest hair 
281943,biker track forest 
312770,tree plate create
757607,disabled person carriage green sport indoor hall  referee 
578004,screen tree fog city shine  whiteboard dark 
783244,paved street bike 
281943, helmet trees  bycycle 
312770,motivational bushes create text person 
337634,sign text grey wall stone 
415597,map man room shirt boy 
647700,two man suit 
799783,prayer bible chair people 
427607,bicycle trail terrain 
281943,bmx helmet forest pile dirt 
633863,cooking cutting 
757607,wheelchair sport indoor coach green 
609301,snow sled child 
667883,mountains man snowboard 
827903,pointing woman summer turban
647700,suit gun man sky 
609301,snow kid toboggan parent 
427607,bike first person outdoor gloves mountains 
380564,microphone head 
900219,sign 
799783,prayer bible chair 
346112,group photo lake people
405349,hand lemon 
486688,wedding hall empty
281943,trial bike man bmx nature jump 
828435,wall chair trees pole pavement railing door 
595922,crowd car race 
1080823,white building old sky
609301,snow child sledge vintage winter 
647700,suit gun man sky pistol belt 
331265,snow trail clean
990334,man tent 
1031917,hands mountain climbing gloves first person 
95394,surf wave 
733324,two hands person torso 
633863,brown cutting board knife vegetables 
312770,quote tree men wall grey 
541161,room fan window white bed 
633863,chopping borad knife table cooking 
281943,dirtbike jump red helmet cyclist tree 
1070429,tanker  brown ship 
717732, footpath garden overgrown house dusk lawn window 
799783,praying chair church 
828435,house garden chair terrace
281943,trees bycycle helmet 
578004,display room tg5
920562,fish fishing boat water man 
380564,man singing microphone 
733324,bracelet woman green 
783244,street pavement building cubes stripes tree 
726654,mountain top
647700,two man suit sky 
234980,tablet hand 
727362,hair women corridor door window 
486688,wedding curtains white roses petals hotel altar inside 
1016254,bicycle hills clear 
609301,snow tree sled pink child 
578004,screen dark television 
799783,church altar small priest bible dim poor 
343,indian people blue 
178150,attack black men cap door masked 
828435,house grass garden 
312770,create man transparent bush wall 
733324,handshake green 
517109,chinese traffic billboard sign street nature 
312770,text stone 
727362,picture hair door 
828435,wall chair trees house pole 
609301,snow sledge kid women blurred 
783244,pavement 
958292,suit sunglasses bald building 
343,india people pray figurines wall 
380564,afro singer microphone black 
670383,road 
958292,bald man suit sunglasses 
337634,document list  paper important printed 
828435,house garden armchair 
647700,two man suit belt 
109923,subway  male 
633863,kinchen cutting 
647700,two man suit belt sky 
281943,trees bycycle helmet ramp 
380564,singer girl microphone black glass green 
1003086,man playing guitar 
595922,spectators cameraman panel 
667883,snowboard snowboarder sky mountain snow 
595922,advertisement audience cameraman men sitting 
132527,child building car hat 
380564,mic man 
920562,fishing men net lake cap 
281943,bike ride 
312770,tree create stone man 
717732, footpath 
733324,bracelets green park grass woman 
82591,guitar red band
733324,hand shirt handshake grass shoulder 
733324,female handshake  grey bracelet 
312770,inscription wall tree men 
647700,men guns suit sky belt pair 
860818,field parachute strings 
380564,person holding mic 
234980,tablet hand bricks 
799783,standing men church 
609301,snow  tree person child coat old 
380564,black singer microphone 
609301,snow two people sledge child 
785006,trampoline child green 
127721,dark lights men 
127721,dark lights men ship neon 
670383,road yellow line trees 
733324,park grass two hands woman bracelet arm close side green 
394281,man shirt glasses 
1080823,cathedrale white building church 
647700,two man 
1003086,guitarist yellow shirt 
337634,sign text grey wall 
312770,text person paper bushes 
595922,advertisement audience cameraman interview 
757607,wheelchair sport coach gym
405349,lemons  shell 
1025320,hair face bracelet hand bra 
733324,hand greensleeves shirt handshake grass 
380564,microphone black man 
744979,room blurry peephole people 
1080823,building church white 
343,indian women men
1003086,guitar bottle playing indoors guys 
1070429,port transport ship crane sea fog 
609301,snow sled 
1098994,jeep
578004,screen building dark 
799783,priest church indoors 
667883,snow sky rock red jacket mountain 
757607,wheelchair gym green 
541161,bed fan hanger window room 
783244,city sidewalk entrance cobble
733324,hand green 
733324,hands green bracelet 
1147086,light smoke  hoodie people 
1025320,brida veil dressing preparation 
127721,night lights building persons
541161,room bedroom window 
609301,winter two people sledge 
783244,bike biker sidewalk city stone people 
799783,orange church 
828435,chair house tree handrail door 
380564,microphone black singing 
1003086,guitar bottle window reflection playing indoors guy 
757607,wheelchair sport coach 
633863,chopping knife garlic herbs onion 
727362, head woman black  short hair corridor
127721,dark lights men ship 
860818,sky horizon ground 
633863,chopping brown board knife garlic herbs onion  
343,indian people 
337634,document list  paper important writing 
733324,bracelet arm grass hands 
127721,night lights theatre 
799783,prayer monks
346112,human group rocky  coast white car 
799783,prayer bible chair people church 
380564,black microphone talking face fingers ear shoulder 
990334,man tent sleeping 
783244,square city pavement 
828435,house chair column tree white black green
647700,two man suit gun 
828435,building chair door tree 
1147086,masked man lights foggy dark 
757607,wheelchair sport 
828435,house chair garden fence old 
312770,text  bush concrete 
346112,group lake mountain people posing 
20379,single tree snow 
1080823, white  oriental church 
609301, snow pink child 
300925,closet black suit 
578004,screen dark stage 
799783,(church) service prayers inside  modern chapel gloomy  4 men 
647700,shirt sky handgun man suit 
1031917,climbing rock split
127721,dark lights men blurry ship 
1003086,guitarist sitting bottle yellow 
609301,snow child pink bobs person tree
900219,sign advertise fandi
380564,african microphone
380564,man singing microphone room 
312770,leaves wall text tree 
281943,bike jump helmet forest 
312770,stone words plaque shirt 
667883,mountain helmet snowboarder peak 
785006,kids green trampoline 
920562,fishing lake mens white shirt net
578004,light screen news
1147086,people mist lights 
757607,wheelchair person green gym 
595922,advertisement audience cameraman 
900219,board writing street blurry close 
633863,knife board 
900219,sign block brick text street 
799783,priest mass inside four 
312770,man transparent bush wall stone shirt  lettering 
1098994,safari car couple 
799783,church priest wooden chairs reading book monk 
647700,suit gun man sky 
670383,road two yellow lines
578004,screen tree fog city 
578004,night motorbikes billboard parked 
958292,sunglasses suit two man back 
312770,stone text plaque shirt transparent
609301,snow child  bob  person tree lie 
609301,snow child sledge vintage 
427607,bike first person outdoor gloves mountains 
405349,peel shirt squares peeling hand lemon 
1031917,climbing rock hands 
486688,bed hotel rich curtains wedding white 
380564,black speach microphone 
757607,wheelchair sporting green
733324,hands outside 
733324,bracelets green 
633863,knife bowl pan 
578004,dark television
127721,lights dark window foggy light
799783,church priests inside 
405349,lemon peeling 
373440,concrete man 
234980,tablet touch path bricks 
757607,green people disabled gym 
733324,bracelet top hand 
799783,church celebration 
578004,exhibition dark screen 
312770,man transparent bush wall stone
799783,chair curtain person 
272999,forest meadow green 
733324,handshake bracelet green 
799783,monk church praying wood chair curtain 
647700,two men guns sky white shirt 
405349,peeled lemons hand
744979,wide lance skating
1080823,building white church sky architecture 
405349,hand lemon 
1080823, white  old historical oriental building 
780226,rapping two men graffiti 
609301,lying child   sled   winter
609301,lying child   sledge  winter
343,india people figurines celebration 
312770,motivational bushes create text 
595922,advertisement audience cameraman interview outside 
1080405,guitar mikrofon singer 
647700,men suit guns sky talkign 
900219,words black stone sign 
394281,blue shirt man glasses text 
757607,wheelchair sport 
958292,bald man suit 
727362,hair women corridor 
346112,human group 
1003086,guitar guitarist window 
733324,hand woman bracelet blouse green park 
1080823,church building sky 
380564,brown person singing 
783244,path building people tree white gray 
744979,room blurry peephole round 
380564,sing microphone black singer man 
827903,sunglasses sitting cup man woman 
281943,bicycle helmet man outside 
1003086,man guitar playing 
799783,monks church praying light 
541161,bedroom white window 
799783,church priest brown wooden chairs 
627874,motorbike helmet cross forest
312770,quote tree men wall poem 
234980,tablet finger 
20379,tree snow 
380564,singer black 
595922,camera cameraman crowd 
799783,church priest wooden chairs reading book 
281943,bike jump helmet man 
733324,handshake green park detail 
1080405,guitarist leather  bracelet 
76855,parachute crops rope view 
346112,group photograph lake people 
828435,house grass 
1145030,wedding woman man flower white dress outside suit veil 
83008,white notice  
1080823,cathedrale white building church old 
380564,microphone black woman 
1080823,church muslim white sky
20379,tree snow sky
799783,church brown reading chairs
486688,purple white podium hall 
609301,snow sledge pull tree 
346112,group road cliff people 
828435,chair garden house 
783244,street tiles grey city
380564,sing microphone black woman 
427607,bike first person outdoor gloves mountains 
647700,pistols in pants mans white suits
343,indian people 
502449,woman redhead glasses street outside 
633863,knife board cut 
346112,group peoples near  sea 
783244,street people cyclist walkway 
127721,people light bulb 
1080405,guitar guitarist microphone man show 
757607,disabled person carriage green sport indoor hall  referee watches blue line 
468747,article internet sport 
828435,garden house 
670383,road yellow line 
343,hindu india praying dress 
541161,window bed white fan hook bedroom 
20379,tree snow sky 
281943,bike ride 
20379,snowy spurce
281943,bike jump helmet 
1080823,building white blue india religion 
127721,dark lights building glowing 
783244,street cyclist  window red white bin buildings cafe 
1080823,temple building sky light old 
127721,dark lights men ship 
578004,outdoors billboard news night cinema 
990334,man tent masturbating
127721,dark lights wire 
667883,skiing mountains red rock 
346112,  group sea    
717732, footpath garden house dusk lawn 
733324,hands arm woman bracelet 
783244,sidewalk city bicycle 
541161,bedroom open window bed white fan
127721,dark lights men blurry ship stick 
799783,(church) service prayers inside  modern chapel gloom woody  4 men 
82591,red concert guitarists guitars 
578004,screen tree fog city shine  whiteboard 
312770,stone man words shirt leafs tree create 
427607,bike first person outdoor gloves mountains 
578004,screen city shine dark blurry
717732, footpath garden overgrown house dusk lawn 
1080405,concert man playing guitar singing microphone black shirt long hair sitting 
799783,church mass priests 
1080823,building white india religion 
783244,sidewalk pavement 
340554,club person green 
502449,woman redhead glasses street 
799783,(church) service prayers inside chapel gloomy  4 men 
783244,city sidewalk entrance cobble cyclist 
595922,camera stadium cameraman sitting fans blue  chairs committee 
757607,wheelchair man gym green 
783244,sidewalk city bicycle pavement 
828435,house railing 
1147086,mask black fire mens
337634,document list  paper 
757607,wheelchair gym trousers 
343,indian colorful woman man celebration 
380564,mic singer black 
127721,dark lights fence people boat
633863,knife cutting garlic 
1080405,concert guitar singer sing 
633863,cutting board knife vegetables 
1003086,guitarist sitting 
783244,sidewalk city pavement 
1153009,man shop clothes hug dress 
609301,black white sledge snow pulling 
595922,spectators advertisement cameraman fans audience 
996744,posing group dress dressed 
727362,hair women corridor door window picture 
380564,black person microphone speaking 
799783,prayer monks church 
633863,knife vegetables 
595922,platform ovation cameraman sports 
343,india people celebration wall picture 
346112,  group near  sea front of white car 
733324,hands bracelet green 
609301,winter snow people
1153009,man shop clothes 
733324,hand palms shoulder body green 
633863,cutting board garlic
312770,inscription wall tree men legend
1145030,blue wedding valley
733324, arm  arms top green   bracelet 
